2/4/2024 10:09:54 PM,start,vgit-branch-fork2,,,
2/4/2024 10:11:00 PM,stats,loco1,66.2,13/16,
2/4/2024 10:11:00 PM,stats,obj1-average,2.4,0.24,
2/4/2024 10:11:51 PM,stats,loco2,50.5,28/30,
2/4/2024 10:11:51 PM,stats,obj2-average,1.9,0.01,
2/4/2024 10:12:36 PM,stats,loco3,44.9,18/23,
2/4/2024 10:12:36 PM,stats,obj3-average,2.6,0.01,
2/4/2024 10:13:23 PM,stats,loco1,41.9,14/16,
2/4/2024 10:13:23 PM,stats,obj1-average,2.4,0.01,
2/4/2024 10:14:10 PM,stats,loco2,46.8,29/30,
2/4/2024 10:14:10 PM,stats,obj2-average,2.8,0.00,
2/4/2024 10:14:40 PM,stats,loco3,30.2,17/23,
2/4/2024 10:14:40 PM,stats,obj3-average,3.0,0.00,
2/4/2024 10:15:21 PM,stats,loco1,38.8,13/16,
2/4/2024 10:15:21 PM,stats,obj1-average,1.3,0.01,
2/4/2024 10:16:13 PM,stats,loco2,52.3,29/30,
2/4/2024 10:16:13 PM,stats,obj2-average,4.9,0.00,
2/4/2024 10:16:38 PM,stats,loco3,24.6,17/23,
2/4/2024 10:16:38 PM,stats,obj3-average,1.1,0.01,
2/4/2024 10:17:17 PM,stats,loco1,37.3,14/16,
2/4/2024 10:17:17 PM,stats,obj1-average,1.9,0.00,
2/4/2024 10:17:58 PM,stats,loco2,40.5,29/30,
2/4/2024 10:17:58 PM,stats,obj2-average,3.9,0.00,
2/4/2024 10:18:30 PM,stats,loco3,32.1,16/23,
2/4/2024 10:18:30 PM,stats,obj3-average,2.7,0.00,
2/4/2024 10:19:16 PM,stats,loco1,44.0,13/16,
2/4/2024 10:19:16 PM,stats,obj1-average,1.5,0.00,
2/4/2024 10:19:51 PM,stats,loco2,35.1,30/30,
2/4/2024 10:19:51 PM,stats,obj2-average,1.0,0.00,
2/4/2024 10:19:54 PM,end,,,,
